seed,dimension,tau,splits,mmd,base_mc,base_nll,mc,nll
0,3,0.1,1,0.37594053046866394,22.56725819716567,5.4342354061303,22.351740048942695,5.933729213299663
0,3,0.1,3,0.37594053046866394,22.56725819716567,5.4342354061303,21.58716276360197,5.1604637036267755
0,3,1,1,0.3099016648194188,24.84349351215358,4.827127984154545,24.969870675166526,4.904191058961201
0,3,1,3,0.3099016648194188,24.84349351215358,4.827127984154545,24.026736230077766,4.778025133254174
0,3,5,1,0,33.43219372852578,4.594580102862834,32.61976247950076,4.5622383361875
0,3,5,3,0,33.43219372852578,4.594580102862834,32.06300359791847,4.69755763306261
0,5,0.1,1,0.3356266722423264,46.57649778137541,5.262713888071842,42.753744053395636,5.342154286157568
0,5,0.1,3,0.3356266722423264,46.57649778137541,5.262713888071842,39.85557745834262,5.2408570094742055
0,5,1,1,0.32410032677200556,51.46109778456727,5.090558632255723,49.29752999010675,5.063146926887623
0,5,1,3,0.32410032677200556,51.46109778456727,5.090558632255723,44.87207067690572,4.993680390877496
0,5,5,1,0.09799518566499013,63.81652115655551,5.374634001775801,61.52777648725276,5.261263952648155
0,5,5,3,0.09799518566499013,63.81652115655551,5.374634001775801,59.16760599093687,5.17980515832192
0,8,0.1,1,0.29667924380184485,67.9929262732601,5.422415144849209,65.36777629136,5.347861018746791
0,8,0.1,3,0.29667924380184485,67.9929262732601,5.422415144849209,62.594630388545035,5.300749090261488
0,8,1,1,0.2903108387417616,74.06894937553231,5.379504636693476,70.96071781385301,5.351605315355366
0,8,1,3,0.2903108387417616,74.06894937553231,5.379504636693476,66.44108938147629,5.3273506797353125
0,8,5,1,0.10820717497650165,84.19711654031997,5.656405303159628,81.3454307472054,5.537766948018686
0,8,5,3,0.10820717497650165,84.19711654031997,5.656405303159628,77.99734763612784,5.471519034553959
1,3,0.1,1,0.3948683235249644,20.29939946172164,5.889223275307315,18.050618206701078,6.334410871188195
1,3,0.1,3,0.3948683235249644,20.29939946172164,5.889223275307315,16.390637453248814,5.307356618159889
1,3,1,1,0.3378295081983781,22.322953319908486,5.164871352969946,24.53649724016582,5.499455170902333
1,3,1,3,0.3378295081983781,22.322953319908486,5.164871352969946,20.00201718986381,5.15635960433653
1,3,5,1,0.02467394136149753,32.0986811851822,4.576429277814715,31.05850488228787,4.5036043198897024
1,3,5,3,0.02467394136149753,32.0986811851822,4.576429277814715,30.07315699181784,4.457610934522206
1,5,0.1,1,0.3409771490330269,42.96325399471393,5.447662038710133,40.29307117351835,5.280659352074033
1,5,0.1,3,0.3409771490330269,42.96325399471393,5.447662038710133,40.98442916518718,5.250053066237508
1,5,1,1,0.34162875488864775,47.27291320470861,5.073010892458861,45.56979490988584,5.027032486088752
1,5,1,3,0.34162875488864775,47.27291320470861,5.073010892458861,39.054239791414496,4.923551080584568
1,5,5,1,0.07962771344699143,59.254858442939465,5.293761221015657,57.32036699123819,5.214470713602638
1,5,5,3,0.07962771344699143,59.254858442939465,5.293761221015657,55.109806978236946,5.15506803259713
1,8,0.1,1,0.2803788541920038,62.612200390881426,5.491559167060449,61.15180973339313,5.471808046555959
1,8,0.1,3,0.2803788541920038,62.612200390881426,5.491559167060449,58.18252055451525,5.467692732529466
1,8,1,1,0.2939622039036515,68.2536776877447,5.413125867288069,66.36640220674923,5.358038965921706
1,8,1,3,0.2939622039036515,68.2536776877447,5.413125867288069,62.31082572038798,5.317373047353132
1,8,5,1,0.14465481548119713,83.03590050306963,5.6074632258285595,80.71387854936515,5.539108523445858
1,8,5,3,0.14465481548119713,83.03590050306963,5.6074632258285595,77.41140503483608,5.452900593156067
2,3,0.1,1,0.4813960765050453,20.158568914354383,6.193655929950375,18.233180851171397,5.838270284764654
2,3,0.1,3,0.4813960765050453,20.158568914354383,6.193655929950375,16.161368998945825,5.569615635109194
2,3,1,1,0.37874486876271046,19.867526484068083,5.289179692663262,18.98789660118509,5.215945151304284
2,3,1,3,0.37874486876271046,19.867526484068083,5.289179692663262,18.648946368001333,5.61947915503154
2,3,5,1,0,33.845433187668384,4.646253393802457,32.985841657793884,4.57815501372088
2,3,5,3,0,33.845433187668384,4.646253393802457,31.776549853014927,4.520991660590926
2,5,0.1,1,0.34546950223828127,43.240748744932795,5.3004822235186,40.302822753126705,5.316323506334966
2,5,0.1,3,0.34546950223828127,43.240748744932795,5.3004822235186,35.13432759004952,5.198014549116003
2,5,1,1,0.2601601122636834,45.57445693324724,5.052223827344845,42.665752930172204,4.991089638705924
2,5,1,3,0.2601601122636834,45.57445693324724,5.052223827344845,44.220446559563825,5.000734768548796
2,5,5,1,0.05211393260069561,51.34103719972214,5.297157824705882,49.82828882381158,5.246311037297741
2,5,5,3,0.05211393260069561,51.34103719972214,5.297157824705882,47.01869287729936,5.130998769360838
2,8,0.1,1,0.2675125078955178,68.1880812516734,5.698952047486454,67.27750510461823,5.61608566395273
2,8,0.1,3,0.2675125078955178,68.1880812516734,5.698952047486454,65.98102243536324,5.4964828342874075
2,8,1,1,0.24906106568158107,71.72451599698192,5.5050814272933355,70.84437062297644,5.463790448899652
2,8,1,3,0.24906106568158107,71.72451599698192,5.5050814272933355,67.9652198262095,5.376863197725169
2,8,5,1,0.16510298341586327,80.0738800258442,5.4446175926019125,78.31471644488668,5.4122405047793105
2,8,5,3,0.16510298341586327,80.0738800258442,5.4446175926019125,75.13383636152055,5.384695628108169
3,3,0.1,1,0.4620319960322689,19.82404778578828,5.682010771494415,16.087884130210973,6.07630093733836
3,3,0.1,3,0.4620319960322689,19.82404778578828,5.682010771494415,14.48872840740785,7.050712566453399
3,3,1,1,0.2826816057681423,21.599535524350557,5.463521791656801,16.700139701487874,5.709136916296107
3,3,1,3,0.2826816057681423,21.599535524350557,5.463521791656801,14.735650277115852,5.883855391718015
3,3,5,1,0,30.899904439139494,4.623861561828319,29.554248638665438,4.505391895957663
3,3,5,3,0,30.899904439139494,4.623861561828319,28.05465534452711,4.420083806873522
3,5,0.1,1,0.3735891843434445,45.47141930174286,5.296691267778691,42.36262595649078,5.177492285718269
3,5,0.1,3,0.3735891843434445,45.47141930174286,5.296691267778691,36.06304520039038,5.100983807632278
3,5,1,1,0.37639350730006416,44.421742972690474,5.137229875734617,41.65059498573824,5.078685848443692
3,5,1,3,0.37639350730006416,44.421742972690474,5.137229875734617,36.508356388858296,5.003291997446264
3,5,5,1,0.09005911550218092,56.97137213190772,5.260459998373941,54.81721318609412,5.15509431758538
3,5,5,3,0.09005911550218092,56.97137213190772,5.260459998373941,51.99257138291032,5.09357996565415
3,8,0.1,1,0.2494235218176417,66.93442182045881,5.675733684661211,65.89369254613295,5.594425641843313
3,8,0.1,3,0.2494235218176417,66.93442182045881,5.675733684661211,63.83450763619801,5.490816689884776
3,8,1,1,0.23971015230688988,72.2710880431774,5.498748938740834,70.9397926296082,5.45483386669562
3,8,1,3,0.23971015230688988,72.2710880431774,5.498748938740834,67.35283991881732,5.400427556724611
3,8,5,1,0.13357165956283334,81.22765830319868,5.528837333027609,77.86968622802802,5.441368913036504
3,8,5,3,0.13357165956283334,81.22765830319868,5.528837333027609,74.18774578337917,5.376905170663259
4,3,0.1,1,0.5022179064747967,25.50927354018466,5.478374844800423,23.488077153319516,5.38847718573372
4,3,0.1,3,0.5022179064747967,25.50927354018466,5.478374844800423,19.938145263678496,5.537439438278417
4,3,1,1,0.46903861844759537,26.51321466086536,5.691997434502559,24.66749983103008,5.734937767449379
4,3,1,3,0.46903861844759537,26.51321466086536,5.691997434502559,21.145105190646877,5.916892689590741
4,3,5,1,0,34.33175092626421,4.682629838832936,32.7953635990687,4.565147625680384
4,3,5,3,0,34.33175092626421,4.682629838832936,30.818095552365786,4.459073382761293
4,5,0.1,1,0.31684519424473284,42.28956355184707,5.536776521061507,39.98702366797325,5.524995427208014
4,5,0.1,3,0.31684519424473284,42.28956355184707,5.536776521061507,38.50148092686106,5.47346529156056
4,5,1,1,0.3199353530985486,46.15142245320005,5.034386804244234,43.62869564157395,4.971010842611812
4,5,1,3,0.3199353530985486,46.15142245320005,5.034386804244234,40.60125739994005,4.891996003941172
4,5,5,1,0.09507115943096431,50.629700136542425,5.21976920626023,48.38572921170632,5.094570047037019
4,5,5,3,0.09507115943096431,50.629700136542425,5.21976920626023,45.38981526814038,4.968126504601084
4,8,0.1,1,0.24012326227058542,66.28677649826604,5.456583298976274,65.355240335124,5.397906074141365
4,8,0.1,3,0.24012326227058542,66.28677649826604,5.456583298976274,63.57105197605091,5.330522255260437
4,8,1,1,0.2581913928090744,70.89131780237774,5.407644845318944,69.32178924464559,5.380637880554503
4,8,1,3,0.2581913928090744,70.89131780237774,5.407644845318944,66.57161118689967,5.31304891006635
4,8,5,1,0.13125202946284403,83.72840732890495,5.582286145092864,81.93086922558645,5.533296668851157
4,8,5,3,0.13125202946284403,83.72840732890495,5.582286145092864,78.55173265571534,5.475993660965927
5,3,0.1,1,0.5175164656337784,19.37287913589713,5.675096434575676,15.870900160963355,5.966917566153067
5,3,0.1,3,0.5175164656337784,19.37287913589713,5.675096434575676,12.099159831822092,7.1440574275705
5,3,1,1,0.4591479000677031,24.09322193389766,4.91807190035055,19.4567866782545,4.732960342203046
5,3,1,3,0.4591479000677031,24.09322193389766,4.91807190035055,11.860307370596816,5.705604988561785
5,3,5,1,0,27.988095510395105,4.642857838385144,27.02451635709745,4.528821651478333
5,3,5,3,0,27.988095510395105,4.642857838385144,25.154101436074715,4.40889687392434
5,5,0.1,1,0.3805288856223213,45.31880676810644,5.342948231253437,41.2390000870215,5.243405810813609
5,5,0.1,3,0.3805288856223213,45.31880676810644,5.342948231253437,34.409587947492135,5.260454671237574
5,5,1,1,0.3367402085669965,49.52369555524583,5.107938381526399,43.99075998508724,4.9991209104490535
5,5,1,3,0.3367402085669965,49.52369555524583,5.107938381526399,35.214856802412086,4.880920894495089
5,5,5,1,0.05603786163144895,56.67831806677803,5.3241466099795565,54.65561498595136,5.226883124673992
5,5,5,3,0.05603786163144895,56.67831806677803,5.3241466099795565,51.645404144130964,5.131115807668702
5,8,0.1,1,0.3167865997481105,67.68232821838262,5.547662062055584,64.8586205839418,5.467903686820988
5,8,0.1,3,0.3167865997481105,67.68232821838262,5.547662062055584,59.76986316527566,5.404562163643793
5,8,1,1,0.26915074999759736,72.69808951356077,5.446262831189128,70.34712515358343,5.4025125656738435
5,8,1,3,0.26915074999759736,72.69808951356077,5.446262831189128,72.11553354660319,5.4217768892548
5,8,5,1,0.13773879777873405,77.64085068479021,5.663435660270056,75.07061961773113,5.499252578635012
5,8,5,3,0.13773879777873405,77.64085068479021,5.663435660270056,71.90444568486247,5.466727730274219
6,3,0.1,1,0.5007905610664778,19.543878782591378,6.839373353768333,17.12965948237752,6.954365913641674
6,3,0.1,3,0.5007905610664778,19.543878782591378,6.839373353768333,15.097297316355107,7.658419937221588
6,3,1,1,0.4588759692492192,24.573635265167606,4.966849716100303,20.795111974522452,5.106068716464242
6,3,1,3,0.4588759692492192,24.573635265167606,4.966849716100303,18.372846372985144,5.343449856679603
6,3,5,1,0.04147411684137446,33.24732220919754,4.647939052379789,32.43895195330898,4.589676005290359
6,3,5,3,0.04147411684137446,33.24732220919754,4.647939052379789,32.31636514701343,4.784892849360309
6,5,0.1,1,0.3530074622882049,38.37745151141775,5.58809613758121,36.774345451631994,5.46997893347839
6,5,0.1,3,0.3530074622882049,38.37745151141775,5.58809613758121,31.92639892860631,5.418016262756772
6,5,1,1,0.30879415491279716,48.30467333806655,5.078823276263238,44.088276290224044,5.0136077196368145
6,5,1,3,0.30879415491279716,48.30467333806655,5.078823276263238,36.202487142019976,4.902689409630653
6,5,5,1,0.1052999998521616,53.97154684884713,5.296510967741428,49.9801954947131,5.0477796519132445
6,5,5,3,0.1052999998521616,53.97154684884713,5.296510967741428,46.04902715418931,4.887317532300077
6,8,0.1,1,0.2664597540917372,72.87121406160358,5.453083290548302,71.29116037634417,5.4347694313628425
6,8,0.1,3,0.2664597540917372,72.87121406160358,5.453083290548302,68.41695462273876,5.376223437938407
6,8,1,1,0.250369131792297,73.85477802337142,5.439474862198629,72.1254516987867,5.419935495167629
6,8,1,3,0.250369131792297,73.85477802337142,5.439474862198629,74.86436012123171,5.516453055622497
6,8,5,1,0.1274917469290691,88.01801916325107,5.524534418226817,86.36667558696128,5.492202141621594
6,8,5,3,0.1274917469290691,88.01801916325107,5.524534418226817,83.37313780827729,5.458299930813839
7,3,0.1,1,0.523832963579782,18.42607980120509,6.421199149266902,15.828821287964756,6.670325587124348
7,3,0.1,3,0.523832963579782,18.42607980120509,6.421199149266902,13.131707519955002,6.887384455033205
7,3,1,1,0.4493653124813531,25.01386910554415,5.143092768187372,21.088604589567254,5.105398677527371
7,3,1,3,0.4493653124813531,25.01386910554415,5.143092768187372,18.56589245802473,5.046047004400386
7,3,5,1,0,31.53687338289637,4.596177360993721,30.81243920010266,4.571252443043513
7,3,5,3,0,31.53687338289637,4.596177360993721,29.706651022533606,4.592370028099304
7,5,0.1,1,0.41483082805564164,47.89899032143617,5.127420439568345,44.5823592255414,5.064231933408614
7,5,0.1,3,0.41483082805564164,47.89899032143617,5.127420439568345,37.74445306442849,4.904445117592906
7,5,1,1,0.3574772857424686,54.61703106009207,5.155052440538771,50.513360961251756,5.06919829512474
7,5,1,3,0.3574772857424686,54.61703106009207,5.155052440538771,42.72971805725384,4.9407683249411445
7,5,5,1,0.0747375741468043,58.865680606557476,5.360863929658812,57.276512438644886,5.319823461814279
7,5,5,3,0.0747375741468043,58.865680606557476,5.360863929658812,53.35057309878188,5.0802306026684665
7,8,0.1,1,0.23934780153459076,65.40900007453918,5.4945017333566275,64.60717024144327,5.445774343591
7,8,0.1,3,0.23934780153459076,65.40900007453918,5.4945017333566275,62.478658667182586,5.3678989333605
7,8,1,1,0.2521835538317215,74.01732325108405,5.5210372546743205,72.89097532249761,5.485801451703955
7,8,1,3,0.2521835538317215,74.01732325108405,5.5210372546743205,69.835132097451,5.427111002951955
7,8,5,1,0.1252657177145505,82.58652770584484,5.548403844522116,80.61482328338873,5.511278074473642
7,8,5,3,0.1252657177145505,82.58652770584484,5.548403844522116,76.72533723259887,5.403784306276036
8,3,0.1,1,0.4465530524026918,22.052184230917202,5.534072530641772,17.575326820663893,6.315245507067797
8,3,0.1,3,0.4465530524026918,22.052184230917202,5.534072530641772,15.892901016521817,5.904080107652589
8,3,1,1,0.4279563316353087,25.58010779206985,4.899051099125198,19.69543739424565,4.924159227022594
8,3,1,3,0.4279563316353087,25.58010779206985,4.899051099125198,17.525843375290727,4.7748000160315005
8,3,5,1,0,29.155424333843513,4.569079370781875,27.718152607850566,4.43633322259973
8,3,5,3,0,29.155424333843513,4.569079370781875,26.086715406195363,4.364357810484455
8,5,0.1,1,0.3536514882447525,42.9778015725239,5.319355876237734,40.69180014193639,5.185001729017149
8,5,0.1,3,0.3536514882447525,42.9778015725239,5.319355876237734,37.09753661348708,5.162415467920415
8,5,1,1,0.2624442722370936,46.109618881408174,5.12907898436327,44.450219391547705,5.088883985751627
8,5,1,3,0.2624442722370936,46.109618881408174,5.12907898436327,40.25917735068443,5.0231685906186785
8,5,5,1,0.05849726229040555,61.17276789248474,5.328289895580299,59.67499119699987,5.252174529948418
8,5,5,3,0.05849726229040555,61.17276789248474,5.328289895580299,56.41849665621412,5.116175889006175
8,8,0.1,1,0.2864544853644181,66.0076122641601,5.73180003904838,65.10736954562321,5.664045484285376
8,8,0.1,3,0.2864544853644181,66.0076122641601,5.73180003904838,65.87100228115608,5.662445451351165
8,8,1,1,0.23229499179801433,70.62918383980492,5.604306632029137,69.59944983168826,5.5470222024031814
8,8,1,3,0.23229499179801433,70.62918383980492,5.604306632029137,68.26537361487125,5.45836743223627
8,8,5,1,0.2723701572662027,67.52823715285611,5.811457526450104,67.25146693589528,5.738553457193614
8,8,5,3,0.2723701572662027,67.52823715285611,5.811457526450104,66.6598695815099,5.612292681124311
9,3,0.1,1,0.43911324533743556,27.399193981124437,5.908183306455595,22.794461779838397,6.010854941518925
9,3,0.1,3,0.43911324533743556,27.399193981124437,5.908183306455595,18.125261625679446,6.099341192747093
9,3,1,1,0.42890499755090783,29.457918093861778,5.0211174655183495,23.70783236560554,4.754474398568033
9,3,1,3,0.42890499755090783,29.457918093861778,5.0211174655183495,18.928065537715412,4.603069928774984
9,3,5,1,0.09511167306431272,29.73184106634902,4.577736908009768,27.57353335266688,4.433350825723763
9,3,5,3,0.09511167306431272,29.73184106634902,4.577736908009768,26.302262502251246,4.359212661833962
9,5,0.1,1,0.41814706364495413,42.32771819603304,5.585827469100171,38.87772978849911,5.3599072321921675
9,5,0.1,3,0.41814706364495413,42.32771819603304,5.585827469100171,34.6180194396071,5.291852656515024
9,5,1,1,0.31888141518595925,45.67686275725505,5.175446092151764,42.318250696424066,5.07964108178564
9,5,1,3,0.31888141518595925,45.67686275725505,5.175446092151764,37.37145607468033,4.979457816265354
9,5,5,1,0.08212425636345114,58.64697551775031,5.280587266993015,57.34707945598122,5.265623142955204
9,5,5,3,0.08212425636345114,58.64697551775031,5.280587266993015,54.14757462220804,5.130596223919143
9,8,0.1,1,0.2919920337218672,66.76424276552471,5.4160251344716555,64.546227652239,5.4362038366403045
9,8,0.1,3,0.2919920337218672,66.76424276552471,5.4160251344716555,61.028729749938115,5.334530843424389
9,8,1,1,0.2692647287790982,69.60337259639853,5.388476598915098,68.26297483824924,5.348300822587933
9,8,1,3,0.2692647287790982,69.60337259639853,5.388476598915098,65.44594308227823,5.287440623604779
9,8,5,1,0.1343117758231156,81.70449630671712,5.764182466095723,80.19500556945904,5.7488653450978395
9,8,5,3,0.1343117758231156,81.70449630671712,5.764182466095723,77.09914290012478,5.674156436660257
10,3,0.1,1,0.34525472360018555,19.71678152908206,6.06497641521751,17.378331173214896,6.730546235455698
10,3,0.1,3,0.34525472360018555,19.71678152908206,6.06497641521751,16.009826532149287,5.820819344258302
10,3,1,1,0.3410308976566397,24.323512784672126,4.9312590513053705,23.209034598674034,5.069947543210523
10,3,1,3,0.3410308976566397,24.323512784672126,4.9312590513053705,20.602577167842213,4.854994168947579
10,3,5,1,0,27.35567785934299,4.496939715254144,26.04871503536986,4.3982158534216484
10,3,5,3,0,27.35567785934299,4.496939715254144,24.768256841740282,4.323673520731563
10,5,0.1,1,0.17840928894620126,49.575690339619904,5.107129157855123,47.56120045350655,5.071414057224532
10,5,0.1,3,0.17840928894620126,49.575690339619904,5.107129157855123,47.757638275996136,5.0547524507389
10,5,1,1,0.19532715164189002,49.090001608424025,5.129774690010612,46.861852472954595,5.104057231594991
10,5,1,3,0.19532715164189002,49.090001608424025,5.129774690010612,41.944990806795296,5.059276413188547
10,5,5,1,0.08677468849479843,66.31151412025343,5.256744427423958,64.25928507949396,5.230560757491637
10,5,5,3,0.08677468849479843,66.31151412025343,5.256744427423958,61.21876363484685,5.174608104526117
10,8,0.1,1,0.2525757550283132,64.86578936230988,5.370072180239813,63.25400915923591,5.403575273790851
10,8,0.1,3,0.2525757550283132,64.86578936230988,5.370072180239813,59.94734147015807,5.3513065219360945
10,8,1,1,0.24288532100429558,75.17647181053789,5.428399143435989,73.49854910532353,5.430860737146373
10,8,1,3,0.24288532100429558,75.17647181053789,5.428399143435989,69.97602262972426,5.38315162962945
10,8,5,1,0.11270749695638949,83.5704946647642,5.470965554203439,82.54472120845176,5.473662888900156
10,8,5,3,0.11270749695638949,83.5704946647642,5.470965554203439,79.70487474851856,5.410997925543972
11,3,0.1,1,0.46822772579844124,24.016288449978447,5.425462983702985,19.78939875418525,5.124136117755567
11,3,0.1,3,0.46822772579844124,24.016288449978447,5.425462983702985,13.478101657196014,5.404039015477262
11,3,1,1,0.47018468196773805,26.49511160213041,5.8151691381546895,21.66056124933843,5.19141125798723
11,3,1,3,0.47018468196773805,26.49511160213041,5.8151691381546895,13.659479296546019,4.855984090360553
11,3,5,1,0.03050359864446035,33.4507262022638,4.609142588756946,31.949299713485825,4.511642304836718
11,3,5,3,0.03050359864446035,33.4507262022638,4.609142588756946,30.782334553887058,4.463416487310726
11,5,0.1,1,0.4301979180062911,45.53888198594716,5.239379324379544,42.348599909909915,5.230410727709925
11,5,0.1,3,0.4301979180062911,45.53888198594716,5.239379324379544,36.9973200126124,5.2421212113433295
11,5,1,1,0.39693793978174663,46.426210489900285,5.099886881578591,41.95807127479958,5.058907215411869
11,5,1,3,0.39693793978174663,46.426210489900285,5.099886881578591,35.79393460378478,5.070175473933862
11,5,5,1,0.1083984782633728,59.21515298792858,5.328959293466136,56.13337634810501,5.1715996257151176
11,5,5,3,0.1083984782633728,59.21515298792858,5.328959293466136,52.07955199139797,5.021147399103471
11,8,0.1,1,0.2435189081592909,67.42823984738288,5.516390714938116,66.40808947306287,5.469131477163794
11,8,0.1,3,0.2435189081592909,67.42823984738288,5.516390714938116,64.37078856996983,5.3995344045622655
11,8,1,1,0.22480552093447814,70.2165219962474,5.438625530560198,68.62499392310576,5.411553432396498
11,8,1,3,0.22480552093447814,70.2165219962474,5.438625530560198,65.69232856119922,5.41061094793336
11,8,5,1,0.13666933204506793,80.54115870997217,5.4889330792412565,77.84506568344442,5.42866355189852
11,8,5,3,0.13666933204506793,80.54115870997217,5.4889330792412565,74.14765554765188,5.369659118259337
12,3,0.1,1,0.47987208073721116,23.42786247990685,5.909405426956495,18.808923034238177,6.134022056159664
12,3,0.1,3,0.47987208073721116,23.42786247990685,5.909405426956495,16.34357745087955,5.6294277595847575
12,3,1,1,0.43701295427179393,29.508206495760742,5.029417038266037,22.963187188377027,4.987828438719656
12,3,1,3,0.43701295427179393,29.508206495760742,5.029417038266037,19.08272978221651,5.082707834202505
12,3,5,1,0,35.80756127268908,4.685890981166845,35.29812553208779,4.661153569277241
12,3,5,3,0,35.80756127268908,4.685890981166845,34.18197519660265,4.617227690484752
12,5,0.1,1,0.41138241332658076,48.13843649443159,5.130882865155848,44.75939680543496,5.074001400981953
12,5,0.1,3,0.41138241332658076,48.13843649443159,5.130882865155848,43.180394535662344,5.092276816651448
12,5,1,1,0.4176702398835856,49.66541690263344,5.184711030210648,47.15848891290858,5.15314569406971
12,5,1,3,0.4176702398835856,49.66541690263344,5.184711030210648,41.07777338611751,4.997135676565009
12,5,5,1,0.13597523293941988,51.3673345139217,5.455408461483335,48.01946252704482,5.22001674994023
12,5,5,3,0.13597523293941988,51.3673345139217,5.455408461483335,44.41862302003054,5.049910305440118
12,8,0.1,1,0.31502083526436275,66.36161553057138,5.653934313509446,65.4593440534579,5.592051912829509
12,8,0.1,3,0.31502083526436275,66.36161553057138,5.653934313509446,63.370585949073174,5.4935989224284345
12,8,1,1,0.3306381823369164,66.66578202425703,5.467447921310784,65.69010589945687,5.431746815093757
12,8,1,3,0.3306381823369164,66.66578202425703,5.467447921310784,63.785812860853255,5.38456121094314
12,8,5,1,0.12726084472540136,76.78636770627816,5.674952294915498,74.3962451636181,5.57575175767043
12,8,5,3,0.12726084472540136,76.78636770627816,5.674952294915498,72.02942973569462,5.5689852217490845
13,3,0.1,1,0.4225483286238927,19.39646721419221,5.710474930226025,16.134309167266103,6.985215221259315
13,3,0.1,3,0.4225483286238927,19.39646721419221,5.710474930226025,14.501410171186262,8.266722176369388
13,3,1,1,0.35989090047623085,25.75095320466432,4.865388492584851,20.56742848534361,4.977831044042497
13,3,1,3,0.35989090047623085,25.75095320466432,4.865388492584851,18.866011626439384,4.975839099198653
13,3,5,1,0,28.769103317025653,4.54971831971344,27.824234566501808,4.481524645602883
13,3,5,3,0,28.769103317025653,4.54971831971344,25.773767399369515,4.397540412286693
13,5,0.1,1,0.39180767994696886,40.77458868448331,5.740747920059375,37.273912431802955,5.649436649473918
13,5,0.1,3,0.39180767994696886,40.77458868448331,5.740747920059375,31.100234998093566,6.036578279946645
13,5,1,1,0.3405452358936586,46.857766589868994,5.132524076894052,41.84203672893001,5.09049809824867
13,5,1,3,0.3405452358936586,46.857766589868994,5.132524076894052,32.91150618856807,5.13681100934304
13,5,5,1,0.1079740401504426,56.12173671639628,5.385223843549829,52.71145670049003,5.179314531809255
13,5,5,3,0.1079740401504426,56.12173671639628,5.385223843549829,49.18324146721612,5.054169234080059
13,8,0.1,1,0.2511519466567104,65.367415868388,5.5930068776376185,63.89430438534223,5.529761301645503
13,8,0.1,3,0.2511519466567104,65.367415868388,5.5930068776376185,60.506962194897035,5.484388396184902
13,8,1,1,0.282806296819626,67.98316997857192,5.513213854389391,66.12391200666791,5.465974372260572
13,8,1,3,0.282806296819626,67.98316997857192,5.513213854389391,61.41787811045896,5.390076199674944
13,8,5,1,0.2189528715979177,73.99438191542143,5.3680610020667,71.76596374753358,5.341267438517579
13,8,5,3,0.2189528715979177,73.99438191542143,5.3680610020667,68.18386163336032,5.2962244474824125
14,3,0.1,1,0.47251028582032606,23.00812719332799,5.718701095245052,20.018649300599062,5.560227909310099
14,3,0.1,3,0.47251028582032606,23.00812719332799,5.718701095245052,16.94631334260722,6.243683077700938
14,3,1,1,0.38004703780816507,27.48476760407044,4.805232970091392,24.022117345818373,4.779073024760339
14,3,1,3,0.38004703780816507,27.48476760407044,4.805232970091392,22.850136199889796,4.548591115656928
14,3,5,1,0,32.382223958404,4.601075614438235,31.86121118211101,4.587705507021419
14,3,5,3,0,32.382223958404,4.601075614438235,30.5970208273113,4.561051455789538
14,5,0.1,1,0.3290675288316826,47.0304579101504,5.4036034067513965,43.50963579604554,5.335418915231914
14,5,0.1,3,0.3290675288316826,47.0304579101504,5.4036034067513965,41.8480046553542,5.188935314952125
14,5,1,1,0.28826275062007867,46.87743175082497,5.076210375223719,42.824259578041236,5.012446868490439
14,5,1,3,0.28826275062007867,46.87743175082497,5.076210375223719,47.63109963083551,5.153768243046719
14,5,5,1,0.029175891292061,61.85827909787714,5.261434024819972,59.71931747678217,5.181461945743319
14,5,5,3,0.029175891292061,61.85827909787714,5.261434024819972,57.8544986130588,5.129226448865339
14,8,0.1,1,0.32990850974044555,67.44656149506307,5.520585214770617,65.19925630848569,5.515896775873612
14,8,0.1,3,0.32990850974044555,67.44656149506307,5.520585214770617,59.922346615198904,5.425451696426568
14,8,1,1,0.29861684208643147,72.29338661952451,5.442696283301731,69.56815208882205,5.423946070013915
14,8,1,3,0.29861684208643147,72.29338661952451,5.442696283301731,64.82230985653045,5.35267188219866
14,8,5,1,0.13041799696894563,80.87385071747853,5.6492135713656335,78.23290499867663,5.545639315594729
14,8,5,3,0.13041799696894563,80.87385071747853,5.6492135713656335,73.99559692199902,5.405106998295782
15,3,0.1,1,0.44990692063721355,21.793666053096302,5.233129088957037,18.54748613857426,5.420818148917451
15,3,0.1,3,0.44990692063721355,21.793666053096302,5.233129088957037,10.704681449950876,6.948616465595035
15,3,1,1,0.5311717218494165,17.83168259399932,5.681047262485975,16.627820585256007,6.08734519174764
15,3,1,3,0.5311717218494165,17.83168259399932,5.681047262485975,11.62190172788443,7.413936138610947
15,3,5,1,0,27.803342769632255,4.534984846666703,26.961227445482816,4.489251050369086
15,3,5,3,0,27.803342769632255,4.534984846666703,24.79679614508526,4.314340934896613
15,5,0.1,1,0.3408151556262982,43.18954951955077,5.129285655729317,41.393678482837004,5.119787345747266
15,5,0.1,3,0.3408151556262982,43.18954951955077,5.129285655729317,36.04863320505406,5.012212195704327
15,5,1,1,0.22524558845688547,51.164062944624774,5.16639367121745,46.210502047029195,5.088033374721134
15,5,1,3,0.22524558845688547,51.164062944624774,5.16639367121745,47.047902437424355,5.049663297339977
15,5,5,1,0,58.589380242352924,5.264824534039635,57.00449992931774,5.1945963996035625
15,5,5,3,0,58.589380242352924,5.264824534039635,54.17368696427488,5.12388903430569
15,8,0.1,1,0.25393391175964264,71.62835909031321,5.394851257573956,69.46285492170776,5.374892918653795
15,8,0.1,3,0.25393391175964264,71.62835909031321,5.394851257573956,65.67888452022532,5.343743019911033
15,8,1,1,0.27189612716517003,75.47540309370395,5.423222635890557,73.2674610774489,5.396723366084507
15,8,1,3,0.27189612716517003,75.47540309370395,5.423222635890557,68.6791839038585,5.359845365154787
15,8,5,1,0.12992760777407644,86.05575396686268,5.627236166695221,83.10633844206859,5.530264407127269
15,8,5,3,0.12992760777407644,86.05575396686268,5.627236166695221,80.1257531738087,5.491231951814193
16,3,0.1,1,0.5038104282675636,24.861639670935862,5.069972176562346,21.814113780648572,5.210911839134646
16,3,0.1,3,0.5038104282675636,24.861639670935862,5.069972176562346,21.137063233520653,6.660386177227477
16,3,1,1,0.49601890818163535,24.396827023900755,5.234421357625773,19.215965682358817,5.328662494213096
16,3,1,3,0.49601890818163535,24.396827023900755,5.234421357625773,16.979462640995038,5.957684375644423
16,3,5,1,0,26.464701890196622,4.558123942586984,25.04705439838742,4.414489905717483
16,3,5,3,0,26.464701890196622,4.558123942586984,24.0598225960481,4.345132975872284
16,5,0.1,1,0.3563910739756605,46.5242944101089,5.1846223317858025,44.42185486535852,5.135990098278178
16,5,0.1,3,0.3563910739756605,46.5242944101089,5.1846223317858025,37.51611067329376,5.0997328556484804
16,5,1,1,0.3245184781838973,47.000882576635966,5.091271036093074,43.43781834003698,5.030614000413875
16,5,1,3,0.3245184781838973,47.000882576635966,5.091271036093074,36.84761204934204,4.868964603341859
16,5,5,1,0.05360477407210505,66.43590096728893,5.305898176426287,65.05275227265138,5.267893230872754
16,5,5,3,0.05360477407210505,66.43590096728893,5.305898176426287,59.44072472641258,5.116755221988651
16,8,0.1,1,0.21670454410484144,66.1781260921922,5.372770873509021,64.42723911220281,5.341993075347309
16,8,0.1,3,0.21670454410484144,66.1781260921922,5.372770873509021,62.045299664307684,5.305625214498521
16,8,1,1,0.24610763601180763,66.16312931225207,5.318977570967045,62.663809255450516,5.278702203712882
16,8,1,3,0.24610763601180763,66.16312931225207,5.318977570967045,60.1910086700556,5.23434500850767
16,8,5,1,0.139485517137861,85.61975756634956,5.711078147995243,82.7440870979629,5.59638664778795
16,8,5,3,0.139485517137861,85.61975756634956,5.711078147995243,80.11195075193227,5.570750507989663
17,3,0.1,1,0.47517011835914397,23.069065418740355,6.206347671042955,20.21290987950091,6.925643803939185
17,3,0.1,3,0.47517011835914397,23.069065418740355,6.206347671042955,20.0019129888353,7.292772300810261
17,3,1,1,0.4109771696533349,27.512811900635146,4.762921531924236,22.919427157120825,4.952880422209475
17,3,1,3,0.4109771696533349,27.512811900635146,4.762921531924236,20.98935226783132,5.786015686528264
17,3,5,1,0.0461459270220076,31.523261631930236,4.569436224242304,30.032795936524472,4.465361487205097
17,3,5,3,0.0461459270220076,31.523261631930236,4.569436224242304,28.865301524998145,4.417716296011273
17,5,0.1,1,0.2271538739234851,38.44142944675111,5.5744743661347735,37.496559306918094,5.447724826392084
17,5,0.1,3,0.2271538739234851,38.44142944675111,5.5744743661347735,35.07302991385761,5.481676337053068
17,5,1,1,0.2628156410993534,40.44038959315429,5.411399023995266,37.18698812806644,5.355604421855611
17,5,1,3,0.2628156410993534,40.44038959315429,5.411399023995266,34.01313914355295,5.187149636112697
17,5,5,1,0.11776084471801196,56.933792759484085,5.23443919783457,54.25109066982149,5.1237594522323855
17,5,5,3,0.11776084471801196,56.933792759484085,5.23443919783457,52.09493644193104,5.080091569013058
17,8,0.1,1,0.24732019554108348,68.81720285967948,5.544047312394459,67.8513949008112,5.4815632764783
17,8,0.1,3,0.24732019554108348,68.81720285967948,5.544047312394459,69.38791550277337,5.496389404917018
17,8,1,1,0.2803067200634918,71.19478431483131,5.419256688027225,69.60709399501316,5.379749581398766
17,8,1,3,0.2803067200634918,71.19478431483131,5.419256688027225,66.52113717717587,5.323298171993198
17,8,5,1,0.13661876158707192,78.45858168947672,5.6390974321806775,77.4019110504495,5.63636532371372
17,8,5,3,0.13661876158707192,78.45858168947672,5.6390974321806775,75.31352552624489,5.656483844611651
18,3,0.1,1,0.33890041996312936,18.4740014416442,5.707519669847246,16.93037881249598,6.357319321831406
18,3,0.1,3,0.33890041996312936,18.4740014416442,5.707519669847246,17.016639042670587,7.190673386062431
18,3,1,1,0.35209086175939075,18.953579844325567,5.237979957000377,18.07786115736647,5.458456380089077
18,3,1,3,0.35209086175939075,18.953579844325567,5.237979957000377,16.967084710306903,6.210862023302591
18,3,5,1,0,30.563757360474632,4.572581219540706,29.712312560427264,4.535189187556147
18,3,5,3,0,30.563757360474632,4.572581219540706,28.281576406484874,4.455011839017686
18,5,0.1,1,0.3630818640668841,44.79382196365203,5.338464262178434,41.0887026897181,5.295946265192427
18,5,0.1,3,0.3630818640668841,44.79382196365203,5.338464262178434,35.94006179190301,5.278829719525456
18,5,1,1,0.36237743762192437,49.959749748469704,5.188744275435175,44.256946827506525,5.051894759564704
18,5,1,3,0.36237743762192437,49.959749748469704,5.188744275435175,40.55671192148784,4.995673396568089
18,5,5,1,0.09028781258939726,53.67455470293876,5.4381233043516835,49.959435971080744,5.151790856488187
18,5,5,3,0.09028781258939726,53.67455470293876,5.4381233043516835,47.18403030364637,5.065014532988692
18,8,0.1,1,0.27869163349478215,65.98285527910585,5.52459291221596,64.78494623986217,5.494589607500525
18,8,0.1,3,0.27869163349478215,65.98285527910585,5.52459291221596,61.30473764311242,5.452596432118282
18,8,1,1,0.28703679067885035,69.64753297852326,5.522881971824183,68.41459918832373,5.490043095398051
18,8,1,3,0.28703679067885035,69.64753297852326,5.522881971824183,65.06647246313845,5.388742285963639
18,8,5,1,0.13375781254336863,84.99902396051921,5.51539935496912,82.90172920566444,5.461194683370639
18,8,5,3,0.13375781254336863,84.99902396051921,5.51539935496912,80.22103400097919,5.425773260453541
19,3,0.1,1,0.3250392646947587,18.3933720588981,7.650615834567278,15.869129715875331,9.958181830325518
19,3,0.1,3,0.3250392646947587,18.3933720588981,7.650615834567278,15.405118312700372,10.485620031659467
19,3,1,1,0.2822827767241826,27.3255221959552,4.904008766766877,22.87107554654986,5.0261526321373475
19,3,1,3,0.2822827767241826,27.3255221959552,4.904008766766877,22.27394274209085,5.242551109833928
19,3,5,1,0,31.27620033560251,4.570210264423548,30.50837345163421,4.54471073998621
19,3,5,3,0,31.27620033560251,4.570210264423548,29.03178683036997,4.490822007475859
19,5,0.1,1,0.36072772727744556,41.340187108616874,5.540736925054219,39.14048092355309,5.40253673055664
19,5,0.1,3,0.36072772727744556,41.340187108616874,5.540736925054219,35.30996185104399,5.445775847687363
19,5,1,1,0.293475152923217,45.19164600040658,5.074060474257652,41.91789385444842,4.99969666290739
19,5,1,3,0.293475152923217,45.19164600040658,5.074060474257652,37.91693578724548,5.060916755417092
19,5,5,1,0.06732967995644863,66.77887230944722,5.293655390161478,63.244389187568856,5.191219812421215
19,5,5,3,0.06732967995644863,66.77887230944722,5.293655390161478,60.07830840394412,5.12259724265242
19,8,0.1,1,0.2879428331277397,63.82090979017316,5.591351870011016,62.360297138704226,5.535782069636589
19,8,0.1,3,0.2879428331277397,63.82090979017316,5.591351870011016,59.422273263532205,5.479191502491974
19,8,1,1,0.26263213173388217,72.93732760353136,5.497800779683177,70.9894942309653,5.444361671346508
19,8,1,3,0.26263213173388217,72.93732760353136,5.497800779683177,67.24066005249085,5.45241585904733
19,8,5,1,0.09248879109745058,82.75604116116115,5.58233173749349,80.08321769965771,5.4928704897167435
19,8,5,3,0.09248879109745058,82.75604116116115,5.58233173749349,77.43377366424608,5.437519725383357
20,3,0.1,1,0.4831525984511243,19.15324020102883,5.673348930573329,17.63403092875016,5.776094375709732
20,3,0.1,3,0.4831525984511243,19.15324020102883,5.673348930573329,15.690616482624089,6.200293179540727
20,3,1,1,0.18699389385829043,22.80867722778643,4.948909910825302,23.19565051517312,5.061735534663318
20,3,1,3,0.18699389385829043,22.80867722778643,4.948909910825302,18.52843792635594,5.100034869382498
20,3,5,1,0.0831312423486038,30.367903147963073,4.601998822734813,29.283773230025286,4.513205898318606
20,3,5,3,0.0831312423486038,30.367903147963073,4.601998822734813,27.77937509477671,4.467627183355029
20,5,0.1,1,0.07459508352695232,37.79679130141948,5.165748259088723,36.88134033513504,5.146829749065474
20,5,0.1,3,0.07459508352695232,37.79679130141948,5.165748259088723,35.310420318439064,5.071742729356346
20,5,1,1,0.09884686282136435,41.477548022608985,5.1795850269349,40.66080273798007,5.110112714291789
20,5,1,3,0.09884686282136435,41.477548022608985,5.1795850269349,39.26520153454069,5.006898759013054
20,5,5,1,0.09103753875354079,54.30913418958792,5.272032810268543,53.80221334144992,5.2353756171810595
20,5,5,3,0.09103753875354079,54.30913418958792,5.272032810268543,53.15210293483463,5.1806453083058726
20,8,0.1,1,0.3144645039948008,62.680017508550264,5.754123826375029,61.47111380003503,5.649784691837166
20,8,0.1,3,0.3144645039948008,62.680017508550264,5.754123826375029,58.47618908187847,5.5400461266646515
20,8,1,1,0.2968413106644871,65.00666776966634,5.458689566209401,63.41222230352467,5.418677034617767
20,8,1,3,0.2968413106644871,65.00666776966634,5.458689566209401,60.02457911145266,5.35083419961885
20,8,5,1,0.17839967609669347,80.62498293220405,5.579072482749461,76.96029676924266,5.447670137065897
20,8,5,3,0.17839967609669347,80.62498293220405,5.579072482749461,73.81564286496844,5.389410221285095
21,3,0.1,1,0.4825224861058563,25.455804382746585,5.284683523299085,21.03199669897234,6.173108347760396
21,3,0.1,3,0.4825224861058563,25.455804382746585,5.284683523299085,22.134137597332433,4.782979192272784
21,3,1,1,0.4737429312352734,25.995865103347423,5.2311691125978985,19.81845087896541,5.182313690329201
21,3,1,3,0.4737429312352734,25.995865103347423,5.2311691125978985,19.414002670740853,5.774753603850097
21,3,5,1,0.08508493219923204,27.85639140735428,4.746093140313706,26.171768631203715,4.50312968934262
21,3,5,3,0.08508493219923204,27.85639140735428,4.746093140313706,23.327128990629852,4.295207265893739
21,5,0.1,1,0.26155019470660956,46.16805185105594,5.14498602141822,42.20292883033161,5.182785209048639
21,5,0.1,3,0.26155019470660956,46.16805185105594,5.14498602141822,39.53727202037138,5.0618369851353995
21,5,1,1,0.23189657483734116,47.635636493862066,5.1395933045426565,43.44236852394401,5.115580942111815
21,5,1,3,0.23189657483734116,47.635636493862066,5.1395933045426565,40.09181877551227,5.022463442820827
21,5,5,1,0.11666806381977833,63.27613769711376,5.286303688548975,62.06311338838781,5.2658688564265
21,5,5,3,0.11666806381977833,63.27613769711376,5.286303688548975,60.977103408595696,5.223806193978505
21,8,0.1,1,0.3008137250862334,68.1110073629059,5.548376286333033,66.33544939868338,5.527160106491906
21,8,0.1,3,0.3008137250862334,68.1110073629059,5.548376286333033,62.88681739714421,5.437623532843865
21,8,1,1,0.27876484257817724,68.98066755238281,5.49365157507097,67.1578580378374,5.467419888002144
21,8,1,3,0.27876484257817724,68.98066755238281,5.49365157507097,61.43565232626715,5.41036175116866
21,8,5,1,0.17013158530611638,85.04158065602464,5.496915808706774,82.79830085109332,5.44829736606342
21,8,5,3,0.17013158530611638,85.04158065602464,5.496915808706774,77.95177188936579,5.377715886837535
22,3,0.1,1,0.43590031058731893,21.32792238285352,6.221008083689002,19.20625346509297,6.160420275875102
22,3,0.1,3,0.43590031058731893,21.32792238285352,6.221008083689002,12.941172533679898,7.597564089935098
22,3,1,1,0.3655745360294956,26.618396190603463,5.059538173091934,23.008208579996335,4.873904660471071
22,3,1,3,0.3655745360294956,26.618396190603463,5.059538173091934,18.582893048121004,4.71742644140163
22,3,5,1,0,29.242243218750048,4.628581392549114,27.49147032392851,4.477105998800854
22,3,5,3,0,29.242243218750048,4.628581392549114,25.78152418916367,4.376871284825205
22,5,0.1,1,0.17752579600554538,42.92947334115453,5.2974557422084825,41.07547303765015,5.216738908054809
22,5,0.1,3,0.17752579600554538,42.92947334115453,5.2974557422084825,40.39652700974554,5.42776624363005
22,5,1,1,0.20921184736429135,45.34688228926584,5.11976292376581,43.201167168812496,5.083211591781797
22,5,1,3,0.20921184736429135,45.34688228926584,5.11976292376581,47.37851097692121,5.087147180100641
22,5,5,1,0.11640857606944714,51.67626416652818,5.059854512014356,50.41233362686988,5.027321720243472
22,5,5,3,0.11640857606944714,51.67626416652818,5.059854512014356,46.13544982392516,4.898936610761317
22,8,0.1,1,0.25910715163904247,66.70047505612845,5.593447991829929,64.42517210210923,5.5323679348283346
22,8,0.1,3,0.25910715163904247,66.70047505612845,5.593447991829929,65.79991117225121,5.556066649010065
22,8,1,1,0.2464519567865875,69.68493061506571,5.525621670867509,68.13256628731595,5.484878050550453
22,8,1,3,0.2464519567865875,69.68493061506571,5.525621670867509,64.5696106650672,5.40576454994387
22,8,5,1,0.09413388572277807,84.90056262014808,5.612302403195474,82.9347596559064,5.572903234498087
22,8,5,3,0.09413388572277807,84.90056262014808,5.612302403195474,79.41718827793817,5.5020593584920885
23,3,0.1,1,0.3072894570155515,23.846824274781852,5.348121509260548,26.708512225501902,4.982149489209411
23,3,0.1,3,0.3072894570155515,23.846824274781852,5.348121509260548,22.69156865209002,5.928937940133056
23,3,1,1,0.4756668416202122,25.577684612308808,5.2422031404973435,26.060581633178465,4.955705324288192
23,3,1,3,0.4756668416202122,25.577684612308808,5.2422031404973435,24.813348348286524,4.942691940243299
23,3,5,1,0,24.871651400838168,4.663937755641291,22.784756496281773,4.36486677991196
23,3,5,3,0,24.871651400838168,4.663937755641291,20.880261954347656,4.271508916807147
23,5,0.1,1,0.35981187920924645,48.29196321362795,5.157100792519543,45.13844094776598,5.117377072682821
23,5,0.1,3,0.35981187920924645,48.29196321362795,5.157100792519543,38.08432750976313,5.0516809021615625
23,5,1,1,0.30833776577985506,53.75600695041345,5.155334932083337,49.83823279004967,5.039333046728768
23,5,1,3,0.30833776577985506,53.75600695041345,5.155334932083337,41.335953665771946,4.913673539788353
23,5,5,1,0.056709972987248315,58.49798827373503,5.31453845578242,55.98497826044518,5.194104023433697
23,5,5,3,0.056709972987248315,58.49798827373503,5.31453845578242,53.224703518051676,5.116812009263912
23,8,0.1,1,0.23197999841578743,68.11033760898502,5.36829638097513,66.46938313918486,5.349498963578339
23,8,0.1,3,0.23197999841578743,68.11033760898502,5.36829638097513,68.59774470816764,5.378266137264134
23,8,1,1,0.26639654960386916,71.22951121702583,5.339718138943124,69.64232942866687,5.313091979674599
23,8,1,3,0.26639654960386916,71.22951121702583,5.339718138943124,65.8679670056032,5.252615742370155
23,8,5,1,0.13440330471430598,84.034519641973,5.821164330019531,91.38874645166081,6.218349882875686
23,8,5,3,0.13440330471430598,84.034519641973,5.821164330019531,88.78071696156006,6.110168421383763
24,3,0.1,1,0.39555828964511053,16.59654168253909,6.220535112818372,16.363822264635207,6.080446761865242
24,3,0.1,3,0.39555828964511053,16.59654168253909,6.220535112818372,13.480908311424495,8.464054925096313
24,3,1,1,0.30391848285213674,23.007519106330285,5.273508942489219,19.84055422171483,5.390894688288342
24,3,1,3,0.30391848285213674,23.007519106330285,5.273508942489219,18.061234167579997,5.841499843350856
24,3,5,1,0.086229787528509,28.812333865835758,4.5615846494926835,27.76908127009301,4.473608190392203
24,3,5,3,0.086229787528509,28.812333865835758,4.5615846494926835,26.058881067245647,4.359567732072171
24,5,0.1,1,0.32061030303135624,43.635894826792864,5.594451571287239,40.778795314610015,5.428004881905359
24,5,0.1,3,0.32061030303135624,43.635894826792864,5.594451571287239,35.36443613336847,5.5637625894059415
24,5,1,1,0.31201185282720617,48.20646373268753,5.247731315621371,45.41435472904077,5.200361397660799
24,5,1,3,0.31201185282720617,48.20646373268753,5.247731315621371,39.94572429406882,5.420146115197494
24,5,5,1,0.09824750031932786,57.1144906374503,5.3205937425123135,55.196264547011346,5.2281275302033325
24,5,5,3,0.09824750031932786,57.1144906374503,5.3205937425123135,52.442722601172974,5.121419402602167
24,8,0.1,1,0.27171907415575,67.1960844771942,5.557027583372058,66.01880198741888,5.505211084812269
24,8,0.1,3,0.27171907415575,67.1960844771942,5.557027583372058,63.968580426561445,5.390838944893675
24,8,1,1,0.267011788242402,70.63533189403776,5.526411335201852,69.90806351320195,5.475248166546793
24,8,1,3,0.267011788242402,70.63533189403776,5.526411335201852,67.99645756254121,5.467808252617684
24,8,5,1,0.16652199526753841,86.40925082837806,5.618654891324821,84.14344555288532,5.555283795553589
24,8,5,3,0.16652199526753841,86.40925082837806,5.618654891324821,78.44781116394456,5.412647502661873
25,3,0.1,1,0.38990819865693654,27.362362267736287,5.040003428390816,25.216313213847606,4.994819636851929
25,3,0.1,3,0.38990819865693654,27.362362267736287,5.040003428390816,23.647576166592575,4.915686028273473
25,3,1,1,0.3168200289511942,26.138706250911078,4.839723962153766,24.73970481855192,4.990555733020228
25,3,1,3,0.3168200289511942,26.138706250911078,4.839723962153766,24.60067627388505,5.42435986573312
25,3,5,1,0,35.57595840354468,4.693194965731744,34.24955642531913,4.654785407047768
25,3,5,3,0,35.57595840354468,4.693194965731744,32.88222933740457,4.586470827145759
25,5,0.1,1,0.28622344347623774,41.53958248346923,5.363659848009261,44.87655212623687,5.430107323358682
25,5,0.1,3,0.28622344347623774,41.53958248346923,5.363659848009261,43.33256330532761,5.4025295813436305
25,5,1,1,0.33519417249624367,46.675762721216536,5.090762823106679,42.32255467942566,5.050108414268442
25,5,1,3,0.33519417249624367,46.675762721216536,5.090762823106679,34.71389274092908,5.173996594019962
25,5,5,1,0.12002915180347709,54.8683239297355,5.227262813541477,50.793708703009,5.052710080579178
25,5,5,3,0.12002915180347709,54.8683239297355,5.227262813541477,48.43225997103416,4.9876338996974825
25,8,0.1,1,0.3294662739433013,65.6520735577651,5.676206368650942,64.1520851688291,5.646878625554718
25,8,0.1,3,0.3294662739433013,65.6520735577651,5.676206368650942,60.96499145433396,5.54729563463852
25,8,1,1,0.33069809977599657,67.57801168994267,5.491807895045534,65.6327739103251,5.467157242266933
25,8,1,3,0.33069809977599657,67.57801168994267,5.491807895045534,62.06327397599969,5.376500987083701
25,8,5,1,0.198975740183163,80.93819859553888,5.581720598070328,76.85496249753228,5.438892074934278
25,8,5,3,0.198975740183163,80.93819859553888,5.581720598070328,71.32904143778313,5.323265110865387
26,3,0.1,1,0.24630231355091403,24.85036965368788,4.880324164541468,23.96060026898183,4.906265810592953
26,3,0.1,3,0.24630231355091403,24.85036965368788,4.880324164541468,20.328148629787357,5.945636922054112
26,3,1,1,0.23462714291077796,27.269901691676065,4.82928557013608,29.697614888238952,4.977322604143975
26,3,1,3,0.23462714291077796,27.269901691676065,4.82928557013608,27.000732293610067,4.8316756782078505
26,3,5,1,0,34.57391130250153,4.616961488143355,34.07549363496643,4.597737615888034
26,3,5,3,0,34.57391130250153,4.616961488143355,32.78911318597732,4.553286178001101
26,5,0.1,1,0.30270200692020405,41.197246440417366,5.409827028931866,39.90913024045089,5.335789677554937
26,5,0.1,3,0.30270200692020405,41.197246440417366,5.409827028931866,35.5537234935752,5.195150544886938
26,5,1,1,0.2999197884340003,43.42025932003031,5.044645966731362,42.05250528809578,5.0106868018893405
26,5,1,3,0.2999197884340003,43.42025932003031,5.044645966731362,38.28681984836824,4.9024031984643806
26,5,5,1,0.09728543574414415,56.634666011534506,5.297716343330995,54.361207353000026,5.211484926910495
26,5,5,3,0.09728543574414415,56.634666011534506,5.297716343330995,50.26639761001293,5.0261459422240495
26,8,0.1,1,0.20547513988460114,70.21914528359352,5.522080486648352,69.17492421495203,5.489436032358778
26,8,0.1,3,0.20547513988460114,70.21914528359352,5.522080486648352,67.62142374850507,5.403123457852695
26,8,1,1,0.2037623063471531,71.93133926715433,5.519212730875404,70.87908274117294,5.47487603896838
26,8,1,3,0.2037623063471531,71.93133926715433,5.519212730875404,68.63816247925055,5.410750166088816
26,8,5,1,0.21716824606612586,73.39513611718779,5.4818561238343895,72.29193203846063,5.445495346957763
26,8,5,3,0.21716824606612586,73.39513611718779,5.4818561238343895,70.10779949228976,5.389700021570364
27,3,0.1,1,0.5305030291068225,18.80671917294971,5.929107757794312,17.20590648415512,6.012881879366249
27,3,0.1,3,0.5305030291068225,18.80671917294971,5.929107757794312,17.14788321633449,8.61920220655422
27,3,1,1,0.3120514465320443,24.53677822824933,4.8715718341833405,26.91811858131527,5.184571951072053
27,3,1,3,0.3120514465320443,24.53677822824933,4.8715718341833405,22.923759791308978,4.8528772138734855
27,3,5,1,0.06715776048737318,32.37029795602528,4.575750321282081,31.153261067095375,4.514187100958563
27,3,5,3,0.06715776048737318,32.37029795602528,4.575750321282081,30.207132648690955,4.491895901889914
27,5,0.1,1,0.38992521970774224,44.31426824028141,5.202252378070173,41.96932407544087,5.13937417166873
27,5,0.1,3,0.38992521970774224,44.31426824028141,5.202252378070173,37.27668755171627,5.24802386051205
27,5,1,1,0.3782159393372092,46.231140815577334,5.091071524367483,43.72791048608103,5.060330982702316
27,5,1,3,0.3782159393372092,46.231140815577334,5.091071524367483,37.01943971778172,4.906338088107676
27,5,5,1,0.09870869054309359,51.306229693816846,5.267683899338761,49.49028913495394,5.167140512990581
27,5,5,3,0.09870869054309359,51.306229693816846,5.267683899338761,46.38245546041529,5.064249799584337
27,8,0.1,1,0.2786308447921662,70.01917099180218,5.477193851468397,67.72583934828532,5.4651297654843445
27,8,0.1,3,0.2786308447921662,70.01917099180218,5.477193851468397,64.78233873775874,5.3699524527963804
27,8,1,1,0.23078487869242212,67.5191185678662,5.372391901996522,64.856638376257,5.3529253976415365
27,8,1,3,0.23078487869242212,67.5191185678662,5.372391901996522,66.7438971218782,5.3078025949995595
27,8,5,1,0.11754006670168583,75.46041642178785,5.600288531562364,73.29229446336126,5.535274954879259
27,8,5,3,0.11754006670168583,75.46041642178785,5.600288531562364,68.75223279429608,5.392539852777998
28,3,0.1,1,0.21645229841917704,23.196529619681336,5.030264398909599,19.974742952148176,5.033415139204536
28,3,0.1,3,0.21645229841917704,23.196529619681336,5.030264398909599,17.912848357819044,5.570661689150387
28,3,1,1,0.2709590264214571,22.44249750476511,5.054330573259299,20.026191346806936,4.930696383400091
28,3,1,3,0.2709590264214571,22.44249750476511,5.054330573259299,19.49043495053036,6.049838378519505
28,3,5,1,0.11206016436568658,26.88794124016407,4.725019948957382,24.989034330958688,4.528651427906383
28,3,5,3,0.11206016436568658,26.88794124016407,4.725019948957382,23.017111585224132,4.292663228160247
28,5,0.1,1,0.33521816611014243,43.17841671035969,5.178849185192548,39.91583707444013,5.185212868059063
28,5,0.1,3,0.33521816611014243,43.17841671035969,5.178849185192548,34.66420686100562,4.999470637050349
28,5,1,1,0.32104185071739233,48.657839122482784,5.077315726525816,44.581451458326946,5.014645442982021
28,5,1,3,0.32104185071739233,48.657839122482784,5.077315726525816,36.07878737112597,4.8899175723042525
28,5,5,1,0.08108225667664522,56.36862532230169,5.326015147099765,54.90176048797628,5.269676456931764
28,5,5,3,0.08108225667664522,56.36862532230169,5.326015147099765,51.2351079966032,5.093388966192621
28,8,0.1,1,0.2751139429194392,67.61605929579515,5.445699334372537,64.9187839905662,5.399307730692121
28,8,0.1,3,0.2751139429194392,67.61605929579515,5.445699334372537,61.01002429106028,5.346392066691264
28,8,1,1,0.23851385314003232,68.11784767683878,5.402221879724294,66.17861218313516,5.398055630450885
28,8,1,3,0.23851385314003232,68.11784767683878,5.402221879724294,62.778252807260465,5.356385768755663
28,8,5,1,0.13837391371494312,79.92547206540578,5.514084787862675,76.10894251713987,5.38925859315223
28,8,5,3,0.13837391371494312,79.92547206540578,5.514084787862675,72.38572439627555,5.33544185618239
29,3,0.1,1,0.5008162237672672,19.532152229799646,5.494594351702347,17.680034652931127,6.576534062597983
29,3,0.1,3,0.5008162237672672,19.532152229799646,5.494594351702347,13.725530766569959,7.710181754435496
29,3,1,1,0.4558141993317622,27.786030961018632,5.264414294285728,26.7391876980495,5.588929916486123
29,3,1,3,0.4558141993317622,27.786030961018632,5.264414294285728,20.347715771920736,5.929409542703678
29,3,5,1,0,27.234351598578492,4.540197585247844,26.711299185072434,4.5048295624073145
29,3,5,3,0,27.234351598578492,4.540197585247844,25.016253466339958,4.391095534786356
29,5,0.1,1,0.18490518218209046,38.32338255441629,5.109677164291608,36.95599333779675,5.088627901970357
29,5,0.1,3,0.18490518218209046,38.32338255441629,5.109677164291608,36.253056165435304,5.4428106140802965
29,5,1,1,0.24805857530648653,40.708864464652564,5.049648377773002,38.180270479686065,4.997482811355338
29,5,1,3,0.24805857530648653,40.708864464652564,5.049648377773002,42.26893290246717,5.264739886821761
29,5,5,1,0.06224360719343497,50.61214721074052,5.243601946160171,55.31251740793874,5.617180060591282
29,5,5,3,0.06224360719343497,50.61214721074052,5.243601946160171,50.826933425639645,5.245896541124343
29,8,0.1,1,0.2481120731619636,65.54549883261164,5.487508253159083,64.42112368346282,5.449978909895668
29,8,0.1,3,0.2481120731619636,65.54549883261164,5.487508253159083,61.84736045549837,5.380015851129094
29,8,1,1,0.15598306058246061,70.86000470065545,5.392925934531767,69.89154476718531,5.363022452674609
29,8,1,3,0.15598306058246061,70.86000470065545,5.392925934531767,67.9059610058133,5.30664736219156
29,8,5,1,0.07690595461547348,81.84992193645499,5.424657653847395,80.74524622933882,5.413570141382211
29,8,5,3,0.07690595461547348,81.84992193645499,5.424657653847395,78.68268150031676,5.394729068098423
